hero_id,power_id
1.0,18
1.0,6
1.0,51
1.0,64
1.0,26
1.0,2
1.0,16
2.0,6
2.0,18
2.0,13
2.0,5
2.0,2
2.0,26
2.0,88
2.0,20
2.0,11
2.0,16
2.0,50
2.0,1
2.0,136
2.0,17
2.0,60
2.0,12
3.0,3
4.0,142
4.0,2
4.0,26
4.0,31
4.0,61
4.0,18
4.0,76
4.0,17
5.0,17
5.0,31
5.0,103
5.0,89
5.0,9
5.0,4
5.0,18
5.0,46
5.0,42
5.0,115
5.0,24
5.0,50
5.0,61
5.0,38
6.0,72
6.0,8
6.0,86
6.0,5
6.0,18
6.0,89
6.0,79
6.0,61
6.0,104
6.0,6
6.0,147
7.0,2
7.0,97
7.0,50
8.0,9
8.0,88
8.0,13
8.0,17
8.0,6
8.0,12
8.0,93
8.0,79
8.0,31
8.0,7
10.0,7
11.0,22
11.0,8
11.0,16
11.0,18
11.0,93
11.0,41
12.0,115
12.0,18
12.0,64
12.0,31
12.0,89
12.0,9
13.0,18
13.0,1
13.0,90
13.0,31
13.0,93
14.0,31
14.0,22
14.0,53
14.0,135
14.0,9
14.0,84
14.0,17
14.0,103
14.0,20
14.0,41
14.0,38
14.0,10
14.0,63
15.0,44
15.0,105
15.0,86
15.0,8
15.0,91
15.0,92
15.0,2
15.0,157
15.0,50
15.0,12
15.0,39
15.0,143
15.0,48
15.0,1
15.0,7
15.0,61
15.0,13
15.0,70
15.0,16
15.0,81
15.0,147
15.0,31
15.0,71
15.0,22
15.0,26
15.0,10
15.0,18
16.0,11
18.0,31
18.0,157
18.0,7
18.0,1
18.0,71
18.0,44
18.0,18
18.0,5
18.0,86
18.0,143
18.0,105
18.0,104
18.0,6
18.0,39
19.0,12
20.0,156
20.0,107
20.0,44
20.0,26
20.0,24
20.0,12
20.0,144
20.0,60
20.0,19
20.0,157
20.0,34
20.0,23
20.0,38
20.0,151
20.0,18
20.0,17
20.0,106
20.0,20
20.0,62
20.0,48
20.0,11
20.0,63
20.0,3
20.0,117
20.0,22
20.0,31
20.0,56
20.0,119
20.0,142
20.0,39
20.0,80
20.0,9
20.0,53
20.0,16
20.0,6
20.0,51
20.0,127
20.0,14
20.0,139
20.0,81
20.0,61
20.0,59
20.0,135
20.0,1
21.0,13
22.0,14
23.0,50
23.0,18
24.0,1
24.0,18
23.0,119
24.0,31
23.0,42
24.0,26
23.0,1
24.0,119
24.0,69
24.0,120
23.0,92
23.0,2
24.0,2
24.0,92
24.0,6
24.0,42
24.0,16
23.0,16
23.0,6
23.0,120
24.0,81
24.0,59
23.0,26
24.0,9
24.0,39
23.0,59
24.0,50
23.0,9
23.0,69
23.0,31
23.0,7
23.0,39
23.0,81
24.0,7
25.0,31
25.0,1
25.0,18
25.0,26
26.0,101
26.0,15
26.0,9
26.0,97
26.0,33
27.0,16
28.0,20
28.0,15
28.0,33
28.0,66
28.0,22
29.0,1
29.0,26
29.0,6
29.0,18
29.0,9
29.0,31
29.0,60
30.0,17
30.0,24
31.0,24
31.0,7
31.0,1
31.0,20
31.0,33
31.0,18
31.0,85
31.0,17
31.0,26
32.0,2
32.0,50
32.0,9
32.0,132
32.0,61
32.0,62
32.0,20
32.0,8
32.0,89
32.0,6
32.0,36
32.0,14
32.0,147
32.0,17
32.0,22
32.0,4
32.0,18
32.0,159
32.0,24
32.0,38
32.0,41
32.0,93
32.0,106
33.0,38
33.0,26
33.0,18
33.0,22
33.0,103
33.0,6
34.0,158
34.0,10
34.0,60
34.0,120
34.0,6
34.0,70
34.0,26
34.0,2
34.0,39
34.0,161
34.0,48
34.0,18
34.0,143
34.0,51
35.0,18
35.0,38
35.0,48
35.0,26
35.0,9
35.0,60
35.0,89
35.0,63
35.0,8
35.0,40
35.0,14
35.0,16
35.0,100
35.0,22
35.0,61
35.0,20
35.0,31
35.0,86
35.0,2
35.0,116
35.0,1
35.0,24
35.0,50
36.0,117
36.0,11
36.0,18
37.0,18
37.0,31
37.0,117
37.0,26
37.0,11
37.0,90
37.0,6
37.0,42
37.0,41
37.0,19
37.0,81
37.0,20
37.0,144
38.0,26
38.0,61
38.0,16
38.0,107
38.0,144
38.0,88
38.0,130
38.0,104
38.0,20
38.0,7
38.0,11
38.0,5
38.0,60
38.0,81
38.0,39
38.0,18
38.0,136
38.0,85
38.0,17
38.0,2
38.0,31
38.0,1
38.0,6
38.0,117
39.0,60
39.0,31
39.0,1
39.0,158
39.0,26
39.0,143
39.0,18
39.0,69
39.0,6
39.0,133
39.0,120
39.0,2
40.0,9
40.0,18
40.0,119
40.0,26
40.0,2
40.0,6
40.0,92
40.0,1
41.0,26
41.0,6
41.0,75
41.0,18
42.0,2
42.0,103
42.0,104
42.0,66
42.0,18
42.0,6
42.0,61
42.0,31
42.0,89
42.0,60
42.0,5
42.0,22
42.0,9
42.0,1
42.0,64
42.0,115
42.0,39
43.0,1
43.0,31
43.0,2
43.0,6
43.0,50
43.0,26
43.0,18
43.0,60
44.0,38
44.0,20
45.0,21
45.0,18
45.0,69
47.0,125
47.0,119
47.0,22
47.0,9
47.0,18
47.0,81
47.0,31
47.0,34
49.0,64
48.0,60
48.0,64
49.0,60
48.0,24
48.0,31
48.0,6
49.0,7
48.0,50
48.0,61
49.0,18
48.0,18
49.0,31
49.0,17
48.0,17
48.0,7
49.0,50
48.0,26
49.0,26
49.0,61
49.0,6
49.0,24
51.0,18
51.0,26
51.0,16
50.0,16
50.0,118
51.0,23
50.0,18
51.0,31
50.0,26
50.0,23
51.0,118
50.0,31
52.0,24
53.0,25
53.0,18
53.0,92
53.0,24
53.0,9
54.0,24
55.0,17
56.0,111
56.0,6
56.0,2
56.0,31
56.0,60
56.0,22
56.0,98
56.0,124
56.0,89
56.0,9
57.0,97
57.0,2
57.0,16
57.0,48
57.0,46
57.0,38
58.0,18
58.0,13
58.0,34
58.0,26
58.0,31
59.0,42
59.0,9
59.0,18
59.0,27
59.0,38
59.0,26
59.0,61
59.0,31
59.0,77
59.0,135
59.0,20
59.0,108
59.0,87
60.0,60
60.0,26
60.0,31
60.0,6
60.0,18
60.0,59
61.0,81
61.0,63
61.0,9
61.0,130
61.0,131
61.0,28
62.0,18
62.0,6
62.0,26
64.0,60
64.0,34
63.0,60
63.0,13
63.0,26
64.0,12
64.0,26
63.0,12
63.0,17
64.0,13
64.0,17
63.0,34
63.0,7
64.0,7
66.0,1
66.0,13
66.0,120
66.0,49
66.0,7
68.0,12
68.0,34
68.0,26
68.0,1
70.0,7
70.0,18
69.0,26
69.0,7
70.0,26
69.0,49
70.0,13
69.0,145
69.0,13
70.0,92
69.0,92
69.0,11
70.0,49
69.0,60
70.0,60
69.0,144
70.0,144
70.0,12
70.0,31
69.0,31
69.0,12
70.0,11
69.0,93
70.0,93
70.0,145
70.0,6
69.0,18
69.0,1
69.0,17
70.0,34
70.0,17
70.0,1
69.0,34
69.0,6
71.0,17
71.0,1
71.0,26
71.0,49
71.0,12
71.0,34
71.0,13
71.0,7
72.0,1
72.0,26
72.0,18
72.0,6
72.0,60
72.0,31
73.0,29
73.0,12
73.0,26
73.0,7
73.0,17
73.0,13
74.0,9
74.0,119
74.0,92
75.0,39
75.0,29
75.0,18
75.0,17
75.0,1
75.0,15
75.0,26
75.0,31
75.0,143
75.0,2
75.0,144
75.0,60
75.0,105
75.0,44
76.0,136
76.0,15
76.0,6
76.0,18
76.0,1
76.0,31
76.0,143
76.0,33
76.0,48
76.0,105
76.0,66
76.0,86
76.0,24
76.0,9
78.0,30
78.0,48
79.0,31
79.0,61
79.0,26
79.0,120
79.0,50
79.0,18
79.0,2
80.0,8
80.0,38
80.0,4
80.0,9
80.0,48
80.0,40
80.0,22
80.0,24
80.0,103
80.0,31
80.0,61
80.0,69
80.0,63
80.0,2
80.0,20
80.0,18
80.0,159
80.0,50
80.0,112
81.0,61
81.0,120
81.0,50
81.0,6
81.0,9
81.0,1
81.0,18
81.0,26
81.0,60
81.0,16
82.0,26
83.0,12
84.0,120
84.0,31
84.0,18
85.0,32
86.0,31
86.0,9
86.0,22
86.0,8
86.0,6
86.0,18
87.0,18
87.0,31
87.0,1
87.0,44
87.0,26
87.0,81
87.0,6
88.0,105
88.0,9
88.0,15
89.0,105
89.0,18
89.0,33
89.0,9
90.0,93
90.0,9
91.0,1
91.0,22
91.0,50
91.0,17
91.0,16
91.0,8
91.0,63
91.0,26
91.0,9
91.0,18
92.0,122
92.0,2
92.0,22
92.0,106
92.0,26
92.0,18
92.0,8
92.0,61
93.0,9
93.0,81
93.0,18
93.0,19
93.0,2
93.0,16
93.0,61
93.0,26
93.0,12
93.0,156
93.0,1
93.0,44
93.0,165
93.0,8
93.0,31
93.0,119
93.0,88
93.0,39
93.0,6
93.0,139
93.0,84
93.0,64
93.0,142
94.0,22
94.0,78
94.0,40
94.0,94
94.0,20
95.0,40
95.0,31
95.0,26
95.0,64
95.0,17
95.0,2
95.0,45
95.0,81
95.0,16
95.0,22
95.0,42
95.0,18
95.0,61
95.0,9
96.0,26
96.0,1
96.0,89
96.0,131
96.0,8
96.0,18
96.0,60
96.0,20
96.0,22
96.0,31
96.0,9
96.0,16
96.0,6
97.0,7
98.0,12
98.0,7
97.0,12
97.0,28
98.0,26
98.0,131
97.0,131
97.0,60
98.0,60
98.0,17
98.0,28
97.0,17
97.0,26
97.0,1
97.0,13
98.0,13
98.0,1
99.0,26
99.0,60
99.0,95
99.0,18
99.0,1
99.0,145
99.0,31
100.0,39
100.0,37
100.0,18
100.0,9
100.0,1
100.0,31
100.0,132
100.0,46
100.0,26
100.0,105
100.0,87
100.0,50
100.0,7
102.0,34
103.0,8
103.0,22
103.0,63
103.0,35
103.0,49
103.0,9
103.0,103
104.0,36
104.0,108
104.0,84
105.0,119
105.0,5
105.0,11
105.0,12
105.0,145
105.0,18
105.0,93
105.0,6
105.0,49
105.0,136
105.0,31
105.0,44
105.0,13
105.0,22
105.0,1
105.0,51
105.0,26
105.0,7
106.0,7
106.0,144
106.0,13
106.0,12
106.0,26
106.0,60
106.0,49
106.0,1
106.0,39
106.0,59
106.0,81
106.0,107
106.0,119
107.0,7
107.0,17
107.0,1
107.0,12
107.0,13
107.0,49
107.0,16
107.0,60
107.0,26
109.0,144
109.0,6
109.0,1
109.0,18
109.0,51
109.0,26
109.0,31
109.0,60
109.0,119
109.0,2
110.0,9
110.0,20
111.0,37
111.0,22
111.0,6
111.0,18
112.0,119
112.0,26
112.0,2
112.0,144
112.0,1
112.0,13
112.0,107
112.0,31
112.0,39
112.0,18
112.0,81
114.0,105
114.0,86
114.0,6
115.0,38
116.0,34
117.0,19
117.0,34
116.0,19
118.0,19
119.0,18
119.0,96
119.0,6
120.0,38
120.0,19
120.0,56
120.0,22
120.0,18
120.0,127
120.0,26
120.0,1
120.0,31
120.0,60
120.0,61
120.0,6
120.0,34
121.0,105
121.0,118
121.0,120
121.0,9
121.0,97
121.0,48
121.0,39
122.0,42
122.0,38
122.0,61
122.0,18
122.0,34
122.0,8
122.0,40
122.0,22
122.0,13
123.0,18
124.0,18
123.0,9
124.0,9
124.0,22
123.0,22
125.0,17
126.0,2
126.0,93
126.0,103
126.0,18
126.0,5
126.0,73
126.0,1
126.0,9
126.0,22
126.0,63
126.0,161
126.0,104
127.0,7
127.0,153
127.0,17
127.0,1
127.0,81
127.0,9
127.0,93
127.0,26
127.0,13
127.0,88
127.0,12
129.0,2
129.0,22
130.0,8
130.0,103
130.0,69
130.0,41
130.0,22
130.0,1
132.0,77
132.0,22
132.0,6
132.0,145
132.0,156
132.0,132
132.0,39
132.0,9
132.0,81
132.0,93
132.0,17
132.0,106
132.0,13
132.0,18
132.0,63
132.0,1
132.0,61
132.0,16
135.0,40
136.0,40
136.0,17
136.0,64
136.0,9
136.0,20
136.0,6
136.0,16
136.0,31
136.0,18
136.0,125
136.0,63
137.0,17
137.0,63
137.0,41
138.0,42
139.0,26
139.0,101
139.0,7
139.0,1
139.0,143
139.0,18
140.0,18
140.0,31
140.0,60
140.0,2
140.0,26
140.0,6
140.0,10
140.0,119
140.0,7
140.0,1
140.0,69
140.0,59
141.0,13
141.0,12
141.0,6
142.0,26
142.0,35
142.0,93
142.0,17
142.0,9
142.0,7
142.0,24
142.0,22
142.0,88
142.0,18
143.0,9
143.0,20
144.0,13
144.0,1
145.0,113
145.0,12
145.0,108
145.0,31
145.0,77
145.0,2
145.0,13
145.0,94
145.0,54
145.0,17
145.0,157
145.0,20
145.0,63
145.0,22
145.0,1
145.0,69
145.0,73
145.0,29
145.0,106
145.0,78
145.0,9
145.0,40
145.0,6
145.0,123
145.0,128
145.0,38
145.0,7
145.0,26
145.0,89
145.0,18
146.0,60
146.0,144
146.0,143
146.0,2
146.0,1
146.0,39
146.0,18
147.0,12
147.0,43
147.0,121
148.0,50
148.0,9
148.0,21
148.0,8
148.0,31
149.0,6
149.0,1
149.0,49
149.0,7
149.0,12
149.0,16
149.0,13
149.0,34
149.0,60
149.0,26
150.0,61
150.0,88
150.0,64
150.0,89
150.0,135
150.0,8
150.0,13
150.0,86
150.0,63
150.0,22
150.0,122
150.0,53
150.0,103
150.0,31
150.0,73
150.0,106
150.0,50
150.0,2
150.0,18
150.0,1
150.0,90
150.0,9
150.0,132
150.0,68
150.0,39
150.0,118
150.0,137
151.0,7
151.0,63
151.0,1
151.0,6
151.0,26
151.0,9
151.0,31
151.0,60
151.0,39
151.0,18
152.0,34
152.0,19
153.0,18
153.0,44
153.0,31
154.0,39
154.0,9
154.0,31
157.0,120
156.0,45
157.0,45
156.0,134
157.0,134
156.0,38
156.0,50
157.0,50
157.0,10
156.0,10
157.0,8
156.0,17
156.0,5
157.0,59
157.0,142
156.0,8
157.0,26
156.0,142
156.0,26
156.0,6
157.0,6
157.0,38
156.0,120
156.0,59
157.0,5
157.0,17
157.0,77
156.0,22
157.0,22
157.0,60
156.0,60
156.0,125
157.0,16
156.0,16
156.0,31
157.0,125
156.0,12
157.0,61
156.0,61
157.0,1
157.0,62
156.0,62
157.0,42
156.0,9
157.0,9
156.0,1
157.0,31
156.0,42
157.0,2
157.0,18
156.0,104
156.0,2
156.0,77
156.0,18
156.0,103
157.0,81
157.0,100
157.0,104
157.0,64
156.0,81
157.0,103
157.0,12
157.0,84
156.0,84
156.0,64
156.0,100
158.0,45
158.0,17
158.0,125
158.0,18
158.0,84
158.0,61
159.0,7
159.0,12
159.0,9
159.0,17
160.0,20
160.0,35
160.0,72
160.0,61
160.0,22
160.0,56
160.0,107
160.0,66
160.0,18
160.0,142
160.0,19
160.0,52
160.0,89
160.0,117
160.0,81
160.0,88
160.0,9
160.0,31
160.0,39
160.0,40
160.0,129
160.0,48
160.0,50
160.0,136
160.0,150
160.0,26
161.0,14
161.0,9
161.0,104
161.0,22
161.0,5
161.0,103
161.0,89
161.0,39
162.0,18
162.0,60
162.0,10
162.0,51
162.0,2
162.0,158
162.0,105
162.0,31
162.0,44
162.0,161
162.0,143
162.0,26
162.0,1
162.0,48
162.0,6
162.0,34
163.0,39
163.0,1
163.0,18
163.0,26
163.0,44
165.0,15
165.0,29
165.0,12
165.0,7
165.0,26
165.0,1
165.0,49
165.0,66
167.0,97
167.0,46
167.0,38
168.0,47
169.0,41
169.0,69
169.0,94
169.0,20
170.0,48
171.0,20
171.0,40
171.0,48
172.0,1
172.0,26
172.0,33
172.0,7
172.0,60
173.0,1
173.0,31
173.0,33
173.0,60
173.0,26
173.0,18
174.0,44
174.0,18
174.0,6
174.0,60
174.0,1
174.0,85
174.0,33
174.0,31
174.0,81
174.0,144
174.0,48
174.0,39
174.0,107
174.0,17
174.0,15
174.0,88
174.0,26
174.0,7
175.0,56
175.0,18
175.0,60
175.0,1
175.0,151
175.0,41
175.0,38
175.0,123
175.0,26
175.0,22
175.0,95
175.0,104
176.0,49
177.0,31
177.0,18
177.0,44
177.0,6
177.0,1
177.0,60
177.0,86
178.0,97
178.0,2
180.0,63
180.0,87
180.0,36
180.0,38
180.0,4
182.0,61
182.0,50
185.0,64
185.0,5
185.0,61
185.0,6
185.0,104
185.0,18
185.0,26
185.0,86
185.0,31
186.0,48
186.0,7
186.0,13
186.0,80
186.0,51
188.0,18
189.0,9
189.0,96
189.0,63
189.0,16
190.0,6
190.0,22
190.0,9
190.0,18
191.0,18
191.0,52
191.0,26
191.0,141
191.0,56
191.0,60
191.0,31
191.0,117
192.0,42
192.0,17
192.0,22
193.0,26
193.0,73
193.0,31
193.0,29
193.0,39
193.0,18
193.0,15
194.0,39
194.0,157
194.0,34
194.0,26
194.0,73
194.0,31
194.0,18
194.0,6
194.0,9
194.0,86
194.0,81
194.0,93
195.0,151
195.0,6
195.0,139
195.0,144
195.0,103
195.0,154
195.0,31
195.0,119
195.0,81
195.0,26
195.0,9
195.0,89
195.0,8
195.0,50
195.0,18
195.0,156
195.0,62
195.0,73
195.0,61
196.0,17
196.0,122
196.0,8
196.0,1
196.0,12
196.0,22
196.0,41
220.0,53
198.0,98
198.0,22
198.0,105
200.0,20
201.0,13
201.0,107
201.0,81
201.0,1
201.0,133
201.0,99
201.0,7
201.0,153
201.0,17
201.0,20
201.0,26
201.0,12
201.0,60
201.0,39
202.0,145
202.0,22
202.0,93
202.0,119
202.0,63
202.0,34
202.0,9
202.0,6
203.0,18
203.0,17
203.0,6
204.0,149
204.0,100
204.0,89
204.0,17
204.0,54
204.0,18
204.0,40
204.0,12
204.0,1
204.0,26
204.0,31
204.0,24
204.0,38
204.0,20
204.0,41
204.0,120
204.0,61
204.0,46
204.0,50
204.0,103
204.0,78
204.0,22
204.0,9
204.0,60
204.0,2
204.0,69
204.0,4
204.0,63
206.0,62
206.0,22
206.0,103
206.0,9
206.0,38
207.0,18
207.0,26
207.0,20
207.0,108
207.0,13
207.0,35
207.0,40
207.0,6
207.0,1
207.0,12
207.0,7
207.0,148
207.0,10
207.0,36
208.0,13
208.0,108
208.0,98
208.0,20
208.0,77
208.0,148
208.0,7
208.0,60
208.0,63
208.0,12
208.0,6
208.0,35
208.0,10
208.0,31
208.0,2
208.0,17
208.0,81
208.0,39
208.0,113
208.0,1
208.0,22
208.0,40
208.0,44
208.0,69
208.0,54
208.0,84
209.0,60
209.0,31
209.0,26
209.0,1
210.0,60
210.0,39
210.0,73
210.0,125
210.0,6
210.0,1
210.0,18
210.0,81
210.0,31
210.0,59
210.0,16
210.0,107
210.0,104
210.0,17
210.0,88
210.0,5
211.0,62
211.0,100
211.0,149
211.0,108
211.0,1
211.0,98
211.0,26
211.0,28
211.0,12
211.0,22
211.0,41
211.0,103
211.0,8
211.0,63
211.0,90
212.0,3
212.0,53
212.0,26
212.0,50
212.0,9
212.0,42
212.0,32
212.0,38
212.0,1
212.0,100
212.0,87
212.0,135
213.0,34
213.0,12
213.0,4
213.0,7
213.0,128
213.0,50
213.0,123
213.0,2
213.0,38
213.0,16
213.0,60
213.0,120
213.0,13
213.0,1
213.0,26
213.0,97
214.0,26
214.0,13
214.0,12
214.0,7
215.0,18
215.0,60
215.0,1
215.0,31
215.0,17
215.0,139
215.0,26
215.0,59
215.0,6
215.0,119
215.0,145
216.0,16
216.0,13
216.0,60
216.0,1
216.0,2
216.0,6
216.0,18
216.0,39
216.0,34
216.0,31
216.0,120
217.0,105
217.0,1
217.0,60
217.0,26
217.0,42
217.0,18
217.0,31
217.0,20
218.0,22
218.0,24
218.0,18
218.0,89
218.0,100
219.0,12
219.0,13
221.0,18
221.0,26
221.0,6
222.0,22
222.0,31
222.0,26
222.0,38
222.0,9
222.0,106
222.0,34
222.0,46
222.0,42
222.0,35
222.0,58
222.0,27
222.0,6
222.0,18
222.0,63
223.0,69
223.0,18
223.0,63
223.0,9
223.0,22
224.0,89
224.0,2
224.0,9
224.0,78
224.0,46
224.0,4
224.0,18
224.0,40
224.0,62
224.0,135
224.0,53
224.0,54
224.0,22
224.0,16
224.0,122
224.0,149
224.0,38
224.0,127
224.0,132
224.0,20
224.0,31
224.0,108
225.0,17
225.0,1
225.0,31
225.0,143
225.0,93
225.0,12
225.0,26
225.0,73
225.0,18
225.0,34
226.0,87
226.0,40
226.0,46
226.0,42
226.0,9
226.0,38
226.0,4
226.0,132
226.0,135
226.0,53
226.0,84
226.0,20
226.0,63
226.0,106
226.0,54
226.0,58
226.0,108
226.0,102
226.0,16
226.0,22
227.0,60
227.0,12
227.0,95
227.0,1
228.0,26
228.0,44
228.0,136
228.0,12
228.0,13
228.0,86
228.0,2
228.0,1
228.0,7
229.0,18
229.0,9
229.0,31
230.0,105
230.0,1
230.0,18
230.0,104
230.0,61
230.0,8
230.0,5
230.0,60
230.0,97
230.0,91
230.0,80
230.0,6
230.0,31
230.0,44
230.0,64
230.0,2
230.0,86
230.0,122
230.0,26
230.0,149
231.0,31
231.0,2
231.0,1
231.0,60
231.0,48
231.0,143
231.0,105
231.0,26
231.0,18
232.0,20
232.0,36
232.0,31
232.0,26
232.0,42
232.0,38
232.0,89
232.0,50
232.0,48
232.0,24
232.0,14
232.0,46
232.0,18
233.0,9
233.0,6
233.0,53
233.0,24
233.0,22
233.0,63
233.0,132
233.0,164
233.0,16
233.0,87
233.0,2
233.0,103
233.0,23
233.0,40
233.0,38
233.0,50
233.0,64
233.0,77
233.0,61
233.0,89
233.0,31
233.0,25
233.0,8
233.0,147
233.0,17
233.0,125
233.0,18
233.0,106
233.0,62
234.0,104
234.0,13
234.0,64
234.0,18
234.0,2
234.0,39
234.0,107
234.0,26
234.0,1
234.0,6
234.0,5
235.0,18
235.0,8
235.0,31
236.0,6
236.0,61
236.0,18
236.0,48
236.0,70
236.0,1
236.0,24
237.0,35
237.0,31
237.0,55
238.0,7
238.0,17
238.0,13
238.0,10
238.0,1
238.0,12
238.0,20
238.0,84
238.0,123
238.0,49
239.0,35
240.0,48
240.0,24
240.0,6
240.0,70
240.0,1
241.0,123
241.0,69
241.0,18
241.0,78
241.0,51
241.0,86
241.0,20
241.0,128
241.0,32
241.0,108
241.0,26
241.0,54
241.0,25
241.0,6
242.0,18
242.0,87
242.0,2
242.0,108
242.0,56
242.0,53
242.0,52
242.0,39
242.0,9
242.0,62
242.0,38
242.0,42
242.0,60
242.0,6
243.0,35
243.0,9
243.0,103
245.0,12
245.0,26
245.0,13
245.0,60
245.0,17
245.0,6
245.0,7
245.0,1
246.0,77
246.0,2
246.0,6
246.0,44
246.0,105
246.0,22
246.0,18
246.0,50
246.0,42
246.0,39
247.0,34
247.0,2
247.0,38
247.0,123
247.0,12
247.0,50
247.0,60
247.0,128
247.0,120
247.0,4
247.0,26
247.0,16
247.0,97
247.0,1
247.0,7
247.0,13
248.0,22
248.0,18
248.0,2
248.0,145
248.0,93
248.0,63
248.0,9
248.0,34
248.0,119
248.0,6
249.0,94
249.0,38
249.0,40
249.0,69
249.0,2
249.0,54
249.0,108
249.0,149
249.0,22
249.0,20
249.0,9
249.0,97
250.0,14
251.0,9
251.0,33
251.0,92
251.0,20
252.0,6
252.0,24
252.0,20
252.0,2
252.0,53
252.0,22
252.0,18
252.0,64
252.0,31
252.0,106
252.0,36
252.0,96
252.0,103
252.0,108
252.0,8
252.0,61
252.0,9
252.0,39
253.0,31
253.0,139
253.0,26
253.0,8
253.0,9
253.0,119
253.0,6
253.0,61
253.0,16
253.0,39
253.0,84
253.0,44
253.0,156
253.0,151
253.0,17
253.0,2
253.0,142
253.0,81
253.0,18
254.0,18
254.0,1
254.0,33
254.0,2
254.0,60
254.0,39
254.0,44
254.0,31
254.0,105
255.0,61
255.0,9
255.0,18
256.0,16
256.0,6
256.0,32
256.0,20
256.0,2
256.0,71
256.0,26
256.0,9
256.0,48
256.0,18
257.0,9
257.0,56
257.0,50
257.0,79
257.0,104
257.0,103
257.0,22
258.0,6
258.0,104
258.0,56
258.0,103
258.0,9
258.0,22
259.0,9
259.0,39
259.0,122
259.0,22
259.0,103
259.0,90
260.0,69
261.0,69
260.0,89
261.0,25
260.0,25
261.0,8
260.0,8
260.0,9
260.0,48
261.0,48
260.0,139
261.0,139
260.0,53
261.0,62
260.0,62
261.0,53
261.0,90
260.0,90
261.0,18
260.0,18
260.0,97
261.0,97
260.0,56
261.0,9
260.0,119
261.0,56
261.0,89
261.0,6
261.0,64
261.0,119
261.0,103
260.0,103
260.0,157
260.0,64
260.0,59
260.0,156
261.0,156
260.0,22
261.0,104
261.0,59
260.0,104
261.0,22
261.0,157
260.0,6
263.0,62
263.0,53
263.0,16
263.0,31
263.0,60
263.0,26
263.0,9
263.0,64
263.0,8
263.0,39
263.0,2
264.0,12
265.0,2
265.0,64
265.0,22
265.0,31
265.0,53
265.0,106
265.0,8
265.0,1
265.0,16
265.0,62
265.0,162
265.0,9
265.0,39
265.0,60
265.0,26
266.0,31
266.0,80
266.0,60
266.0,26
266.0,9
266.0,46
266.0,64
266.0,106
266.0,53
266.0,18
266.0,62
266.0,2
266.0,16
266.0,39
267.0,106
267.0,2
267.0,31
267.0,62
267.0,60
267.0,46
267.0,59
268.0,17
268.0,42
269.0,89
269.0,146
269.0,31
269.0,18
269.0,132
269.0,26
269.0,123
269.0,40
269.0,112
269.0,108
269.0,159
269.0,23
269.0,17
269.0,38
269.0,103
269.0,1
269.0,6
269.0,106
269.0,16
269.0,61
269.0,50
269.0,63
269.0,54
269.0,20
269.0,22
269.0,4
269.0,76
269.0,9
269.0,77
271.0,18
271.0,26
271.0,61
271.0,104
271.0,5
272.0,18
272.0,42
273.0,89
273.0,46
273.0,149
273.0,18
273.0,24
273.0,16
273.0,6
273.0,9
273.0,8
273.0,2
273.0,40
273.0,126
273.0,41
273.0,4
273.0,38
273.0,115
273.0,97
273.0,103
273.0,50
273.0,22
273.0,31
273.0,152
273.0,12
273.0,146
273.0,63
273.0,20
273.0,100
273.0,26
273.0,120
273.0,61
273.0,17
273.0,69
274.0,69
274.0,40
274.0,103
274.0,123
274.0,1
275.0,60
275.0,13
275.0,6
275.0,12
275.0,123
275.0,31
275.0,2
275.0,7
275.0,17
275.0,1
275.0,39
275.0,26
275.0,18
276.0,2
277.0,39
277.0,17
278.0,142
278.0,156
278.0,44
278.0,81
278.0,139
278.0,31
278.0,39
278.0,61
278.0,151
278.0,84
278.0,9
278.0,119
278.0,18
278.0,6
278.0,2
278.0,17
278.0,16
278.0,8
278.0,26
279.0,57
279.0,69
280.0,16
280.0,104
280.0,31
280.0,56
280.0,22
280.0,1
280.0,48
280.0,34
280.0,90
280.0,79
280.0,6
280.0,69
280.0,12
280.0,26
280.0,42
280.0,134
280.0,2
280.0,18
280.0,61
281.0,104
281.0,6
281.0,56
281.0,79
281.0,18
284.0,18
284.0,6
284.0,17
284.0,24
285.0,26
285.0,142
285.0,139
285.0,1
285.0,16
285.0,60
285.0,61
285.0,123
285.0,9
285.0,31
285.0,18
285.0,151
285.0,81
285.0,2
285.0,107
286.0,40
286.0,20
286.0,58
287.0,105
287.0,81
287.0,50
287.0,136
287.0,8
287.0,10
287.0,104
287.0,22
287.0,26
287.0,16
287.0,107
287.0,1
287.0,6
287.0,18
287.0,86
287.0,61
287.0,88
287.0,41
288.0,1
288.0,18
288.0,105
289.0,18
289.0,20
289.0,103
289.0,12
289.0,100
289.0,153
289.0,10
289.0,50
289.0,16
289.0,13
289.0,61
289.0,44
289.0,38
289.0,1
289.0,63
289.0,62
289.0,22
289.0,31
289.0,48
289.0,26
289.0,9
289.0,35
289.0,107
289.0,23
289.0,2
293.0,24
293.0,18
294.0,85
294.0,40
294.0,1
294.0,20
294.0,6
294.0,78
294.0,105
294.0,22
294.0,89
294.0,15
294.0,18
294.0,17
294.0,81
295.0,18
295.0,6
296.0,22
296.0,96
296.0,63
296.0,89
296.0,9
297.0,13
298.0,49
298.0,26
298.0,7
298.0,1
298.0,12
298.0,13
299.0,83
299.0,60
299.0,6
299.0,31
299.0,26
299.0,12
299.0,18
299.0,17
299.0,1
299.0,2
300.0,31
300.0,60
300.0,83
300.0,26
300.0,18
300.0,17
300.0,6
300.0,2
301.0,18
301.0,6
302.0,6
302.0,18
303.0,26
303.0,97
303.0,24
303.0,129
303.0,18
303.0,147
303.0,16
303.0,61
303.0,79
303.0,149
303.0,23
303.0,17
303.0,6
305.0,26
305.0,60
305.0,41
305.0,9
305.0,6
305.0,18
305.0,62
305.0,12
305.0,31
305.0,3
305.0,22
305.0,63
306.0,31
306.0,3
306.0,62
306.0,63
306.0,1
306.0,26
306.0,18
306.0,41
306.0,60
306.0,21
306.0,9
306.0,12
306.0,34
306.0,22
306.0,13
307.0,7
307.0,1
307.0,26
307.0,12
307.0,13
308.0,2
308.0,6
308.0,60
308.0,61
308.0,26
308.0,31
308.0,1
308.0,50
308.0,120
308.0,9
308.0,18
309.0,17
309.0,1
309.0,12
309.0,26
309.0,7
309.0,49
309.0,2
309.0,18
309.0,60
309.0,120
310.0,20
310.0,26
310.0,62
310.0,42
310.0,63
310.0,7
310.0,17
310.0,48
310.0,40
310.0,38
310.0,135
310.0,108
310.0,84
310.0,2
310.0,22
310.0,85
310.0,1
310.0,159
311.0,93
311.0,22
311.0,8
311.0,118
311.0,9
311.0,104
312.0,9
312.0,31
312.0,26
312.0,105
312.0,18
312.0,2
312.0,61
313.0,49
313.0,26
313.0,7
313.0,13
313.0,1
313.0,12
314.0,59
314.0,13
314.0,26
314.0,74
315.0,6
315.0,9
315.0,5
315.0,2
315.0,60
315.0,18
315.0,119
315.0,50
316.0,33
320.0,34
321.0,2
321.0,38
321.0,125
321.0,42
321.0,61
321.0,88
321.0,54
321.0,16
321.0,31
321.0,18
321.0,1
321.0,81
321.0,37
321.0,108
321.0,26
321.0,6
322.0,42
322.0,61
322.0,6
322.0,18
322.0,39
322.0,79
322.0,26
322.0,16
322.0,88
322.0,13
322.0,104
322.0,146
322.0,2
323.0,49
323.0,17
323.0,134
323.0,10
323.0,1
323.0,105
323.0,18
324.0,22
324.0,106
324.0,9
324.0,42
324.0,56
324.0,38
324.0,2
325.0,6
325.0,18
325.0,31
325.0,61
325.0,50
325.0,16
325.0,26
325.0,2
326.0,38
326.0,106
327.0,7
327.0,26
327.0,34
327.0,17
327.0,60
327.0,1
328.0,31
328.0,60
328.0,26
328.0,18
329.0,123
329.0,6
329.0,105
330.0,22
330.0,20
330.0,86
330.0,40
330.0,8
330.0,80
330.0,151
332.0,6
332.0,61
332.0,26
332.0,44
332.0,18
332.0,104
332.0,120
332.0,60
332.0,2
332.0,64
332.0,137
332.0,16
332.0,31
332.0,142
332.0,1
332.0,5
332.0,118
332.0,128
333.0,104
333.0,90
333.0,22
333.0,8
333.0,9
333.0,79
333.0,1
333.0,31
333.0,142
333.0,12
333.0,56
334.0,49
334.0,12
335.0,89
335.0,6
335.0,48
335.0,31
335.0,25
335.0,18
336.0,31
336.0,51
336.0,12
336.0,2
336.0,44
336.0,158
336.0,161
336.0,147
336.0,18
336.0,1
336.0,105
336.0,60
336.0,143
336.0,86
336.0,9
336.0,92
336.0,6
336.0,71
336.0,10
336.0,26
336.0,7
336.0,48
337.0,69
337.0,117
337.0,24
337.0,48
337.0,11
337.0,61
337.0,105
338.0,1
338.0,16
338.0,142
338.0,139
338.0,31
338.0,17
338.0,88
338.0,81
338.0,9
338.0,39
338.0,6
338.0,145
338.0,151
338.0,26
338.0,61
338.0,156
338.0,41
338.0,18
339.0,5
339.0,1
339.0,24
339.0,117
339.0,12
339.0,26
339.0,2
339.0,90
339.0,6
339.0,61
339.0,18
339.0,23
339.0,22
339.0,72
339.0,19
339.0,157
340.0,81
340.0,9
340.0,16
340.0,53
340.0,133
340.0,2
340.0,26
340.0,39
340.0,62
340.0,31
340.0,59
340.0,107
341.0,26
341.0,60
341.0,17
342.0,63
342.0,38
342.0,9
342.0,17
342.0,62
342.0,3
343.0,9
343.0,124
343.0,18
343.0,152
343.0,2
343.0,20
343.0,101
344.0,62
344.0,100
344.0,69
344.0,135
344.0,7
344.0,63
344.0,17
345.0,69
345.0,10
345.0,49
345.0,13
345.0,2
345.0,104
345.0,16
345.0,22
345.0,66
345.0,31
345.0,1
345.0,108
345.0,120
345.0,26
345.0,6
345.0,8
345.0,5
345.0,39
345.0,60
345.0,134
345.0,18
346.0,31
346.0,135
346.0,41
346.0,118
346.0,34
346.0,63
346.0,22
346.0,157
346.0,18
346.0,26
346.0,6
346.0,12
346.0,9
346.0,60
346.0,11
346.0,2
346.0,144
346.0,8
346.0,119
346.0,127
346.0,93
347.0,17
347.0,41
347.0,6
347.0,18
347.0,9
348.0,52
348.0,2
348.0,31
348.0,18
348.0,129
348.0,6
348.0,9
348.0,40
348.0,26
348.0,17
365.0,17
350.0,31
350.0,18
350.0,9
350.0,104
350.0,2
350.0,6
350.0,26
350.0,22
350.0,17
350.0,5
351.0,39
351.0,100
351.0,18
351.0,71
351.0,156
351.0,48
351.0,40
351.0,61
351.0,38
351.0,31
351.0,151
351.0,53
351.0,87
351.0,1
351.0,89
351.0,9
351.0,90
351.0,25
352.0,13
352.0,17
352.0,60
352.0,6
352.0,7
352.0,26
352.0,12
353.0,7
353.0,26
353.0,13
353.0,17
353.0,12
354.0,107
354.0,7
354.0,136
354.0,1
355.0,6
355.0,60
355.0,26
355.0,17
355.0,1
355.0,12
355.0,7
355.0,13
356.0,100
356.0,94
356.0,54
356.0,20
356.0,8
356.0,69
356.0,103
356.0,78
356.0,63
356.0,40
356.0,123
356.0,108
357.0,12
357.0,125
357.0,17
358.0,63
358.0,42
358.0,126
360.0,60
360.0,12
360.0,31
360.0,1
360.0,3
360.0,62
360.0,9
360.0,41
360.0,63
360.0,21
360.0,26
360.0,22
360.0,18
361.0,9
361.0,18
361.0,123
361.0,6
361.0,31
364.0,44
364.0,18
364.0,6
366.0,64
366.0,20
367.0,108
367.0,123
367.0,42
367.0,58
367.0,2
368.0,12
368.0,62
368.0,21
368.0,103
368.0,9
368.0,17
368.0,6
368.0,63
368.0,3
368.0,13
368.0,18
368.0,22
368.0,41
368.0,31
369.0,16
369.0,38
369.0,69
370.0,13
370.0,26
370.0,120
370.0,6
370.0,7
370.0,12
370.0,83
370.0,17
371.0,31
371.0,60
371.0,18
371.0,22
372.0,22
372.0,8
372.0,103
373.0,49
373.0,144
373.0,12
373.0,13
373.0,26
373.0,60
373.0,1
373.0,34
373.0,119
373.0,88
374.0,18
374.0,61
374.0,31
374.0,120
374.0,26
374.0,6
374.0,64
374.0,63
374.0,2
375.0,26
375.0,97
375.0,127
375.0,40
375.0,61
375.0,18
375.0,6
376.0,31
376.0,9
376.0,63
376.0,40
376.0,69
376.0,22
378.0,12
378.0,86
378.0,26
378.0,6
379.0,16
379.0,18
379.0,100
379.0,65
379.0,63
379.0,106
379.0,35
379.0,22
379.0,6
380.0,128
380.0,7
380.0,60
380.0,17
380.0,1
380.0,9
380.0,18
380.0,13
380.0,31
381.0,17
382.0,13
382.0,7
382.0,12
382.0,60
382.0,26
382.0,1
383.0,89
383.0,80
383.0,1
383.0,48
383.0,18
383.0,9
383.0,31
383.0,26
383.0,2
383.0,147
383.0,25
383.0,8
384.0,34
384.0,1
384.0,6
384.0,26
385.0,31
385.0,2
387.0,26
387.0,31
387.0,81
387.0,6
387.0,2
387.0,136
387.0,60
387.0,105
387.0,39
387.0,18
387.0,1
387.0,107
387.0,86
388.0,19
388.0,142
388.0,8
388.0,6
388.0,5
388.0,105
389.0,6
389.0,18
389.0,3
389.0,26
389.0,11
389.0,2
389.0,20
390.0,107
390.0,7
390.0,105
390.0,44
390.0,81
390.0,60
390.0,6
390.0,1
390.0,26
390.0,18
390.0,16
390.0,31
391.0,26
391.0,153
391.0,18
391.0,88
391.0,6
391.0,136
391.0,61
391.0,33
391.0,86
391.0,31
391.0,5
391.0,105
391.0,15
391.0,97
391.0,11
391.0,7
391.0,16
391.0,107
393.0,28
393.0,64
393.0,18
393.0,61
393.0,22
393.0,123
393.0,6
394.0,6
394.0,109
395.0,18
395.0,31
395.0,2
395.0,26
395.0,39
395.0,1
395.0,33
396.0,16
396.0,26
396.0,18
396.0,31
396.0,1
396.0,60
397.0,2
397.0,9
397.0,151
397.0,139
397.0,33
397.0,156
397.0,31
397.0,26
397.0,145
397.0,61
397.0,142
397.0,18
397.0,119
397.0,81
398.0,63
398.0,62
398.0,125
398.0,18
398.0,41
398.0,3
398.0,22
398.0,66
398.0,9
398.0,12
398.0,103
398.0,31
399.0,40
399.0,10
399.0,84
399.0,77
399.0,7
399.0,39
399.0,148
399.0,13
399.0,108
399.0,98
399.0,63
399.0,18
399.0,1
399.0,20
399.0,31
399.0,69
399.0,2
399.0,44
399.0,6
399.0,60
399.0,17
399.0,22
399.0,12
400.0,12
401.0,1
401.0,26
401.0,7
401.0,73
401.0,60
401.0,2
401.0,18
401.0,6
401.0,105
401.0,31
401.0,17
402.0,20
402.0,40
402.0,17
403.0,67
404.0,56
404.0,54
404.0,132
404.0,94
404.0,38
404.0,33
404.0,100
404.0,67
404.0,40
404.0,159
404.0,7
404.0,80
404.0,26
404.0,9
404.0,91
404.0,20
404.0,63
404.0,18
404.0,106
404.0,69
404.0,1
404.0,23
404.0,31
404.0,89
404.0,48
404.0,2
405.0,13
405.0,86
405.0,7
405.0,12
405.0,2
405.0,1
405.0,26
405.0,60
405.0,136
405.0,44
406.0,93
406.0,63
406.0,17
406.0,22
406.0,41
406.0,13
406.0,62
406.0,6
406.0,18
406.0,9
407.0,9
407.0,35
407.0,96
408.0,35
409.0,35
409.0,8
410.0,6
410.0,18
410.0,17
410.0,9
411.0,108
411.0,62
411.0,61
411.0,4
411.0,95
411.0,103
411.0,127
411.0,40
411.0,96
411.0,50
411.0,46
411.0,132
411.0,122
411.0,8
411.0,135
411.0,2
411.0,106
411.0,22
411.0,56
411.0,24
411.0,9
411.0,41
411.0,31
411.0,63
411.0,112
411.0,18
411.0,7
411.0,54
411.0,20
411.0,17
411.0,159
411.0,98
411.0,147
411.0,37
411.0,1
412.0,56
413.0,18
413.0,33
413.0,31
413.0,105
413.0,44
413.0,26
413.0,20
413.0,6
413.0,60
413.0,143
413.0,15
413.0,39
413.0,86
413.0,97
414.0,26
414.0,125
414.0,16
414.0,64
414.0,97
414.0,17
414.0,6
414.0,61
414.0,18
414.0,23
414.0,39
414.0,50
414.0,120
415.0,69
415.0,120
415.0,41
415.0,18
415.0,126
415.0,2
415.0,26
415.0,48
415.0,16
415.0,9
415.0,6
415.0,125
415.0,17
415.0,42
416.0,60
416.0,95
416.0,31
416.0,26
416.0,20
416.0,1
416.0,69
417.0,26
417.0,6
417.0,61
417.0,2
417.0,44
417.0,18
418.0,68
419.0,31
419.0,148
419.0,1
419.0,84
419.0,44
419.0,10
419.0,98
419.0,77
419.0,108
419.0,13
419.0,17
419.0,54
419.0,113
419.0,20
419.0,63
419.0,22
419.0,81
419.0,2
419.0,39
419.0,12
419.0,66
419.0,69
419.0,60
419.0,7
419.0,40
420.0,69
421.0,24
421.0,22
421.0,48
464.0,90
464.0,108
464.0,16
464.0,66
464.0,17
464.0,22
464.0,100
464.0,63
464.0,9
464.0,1
464.0,73
464.0,69
464.0,20
464.0,40
464.0,13
422.0,18
422.0,31
422.0,34
422.0,9
422.0,6
423.0,18
423.0,26
423.0,34
423.0,9
423.0,6
424.0,18
424.0,39
424.0,17
424.0,63
424.0,26
424.0,9
424.0,127
424.0,123
424.0,6
424.0,41
425.0,22
425.0,18
425.0,41
425.0,6
426.0,9
426.0,73
426.0,48
426.0,125
426.0,50
426.0,70
426.0,24
426.0,8
426.0,18
426.0,35
427.0,103
427.0,52
427.0,18
427.0,81
427.0,166
427.0,38
427.0,159
427.0,50
427.0,53
427.0,96
427.0,17
427.0,54
427.0,16
427.0,95
427.0,31
427.0,20
427.0,132
427.0,42
427.0,112
427.0,61
427.0,91
427.0,62
427.0,107
427.0,106
427.0,125
427.0,40
427.0,10
427.0,88
427.0,4
427.0,77
427.0,8
427.0,167
427.0,89
427.0,2
428.0,1
428.0,48
428.0,18
428.0,81
428.0,60
428.0,99
428.0,15
428.0,9
428.0,33
428.0,105
428.0,31
429.0,71
429.0,101
429.0,6
429.0,105
429.0,7
429.0,18
429.0,61
429.0,66
429.0,120
429.0,50
429.0,11
430.0,18
430.0,26
430.0,157
430.0,2
430.0,33
430.0,39
430.0,81
430.0,1
430.0,31
431.0,17
431.0,78
431.0,22
431.0,64
431.0,35
431.0,13
431.0,34
431.0,19
431.0,89
431.0,100
431.0,41
432.0,9
432.0,66
432.0,16
432.0,6
432.0,77
432.0,129
432.0,97
432.0,20
432.0,56
432.0,40
432.0,2
432.0,17
432.0,123
432.0,54
433.0,60
433.0,6
433.0,97
433.0,61
433.0,157
433.0,9
433.0,156
433.0,144
433.0,87
433.0,123
433.0,145
433.0,139
433.0,48
433.0,24
433.0,17
433.0,12
433.0,64
433.0,26
433.0,108
433.0,20
433.0,31
433.0,151
433.0,81
433.0,78
433.0,142
433.0,18
433.0,120
433.0,1
433.0,54
433.0,40
433.0,53
433.0,135
433.0,39
433.0,7
433.0,119
434.0,40
434.0,8
434.0,9
434.0,103
434.0,106
434.0,22
434.0,20
434.0,54
434.0,69
434.0,56
434.0,63
435.0,2
435.0,50
435.0,16
436.0,12
436.0,16
436.0,31
436.0,51
436.0,1
436.0,39
436.0,34
436.0,26
436.0,63
436.0,2
436.0,6
437.0,22
437.0,119
437.0,81
437.0,44
437.0,142
437.0,18
437.0,61
437.0,9
437.0,40
437.0,31
437.0,8
437.0,151
437.0,2
437.0,6
437.0,156
438.0,20
439.0,35
440.0,18
440.0,69
440.0,94
440.0,31
440.0,9
440.0,78
440.0,6
440.0,63
440.0,26
440.0,40
441.0,101
441.0,71
442.0,31
442.0,110
442.0,60
442.0,18
442.0,6
442.0,40
442.0,26
443.0,22
443.0,1
443.0,62
443.0,103
443.0,8
443.0,41
443.0,69
444.0,4
444.0,48
444.0,2
444.0,26
444.0,120
444.0,108
444.0,16
444.0,18
444.0,64
444.0,31
444.0,89
444.0,46
444.0,42
444.0,50
444.0,22
444.0,54
444.0,6
445.0,136
445.0,18
445.0,5
445.0,11
445.0,117
445.0,144
445.0,6
445.0,46
445.0,81
445.0,20
445.0,60
445.0,44
445.0,7
445.0,31
446.0,26
446.0,24
446.0,68
446.0,6
446.0,97
446.0,73
446.0,48
446.0,18
446.0,41
447.0,105
447.0,72
447.0,48
447.0,86
449.0,38
449.0,17
449.0,9
449.0,106
449.0,16
450.0,73
451.0,26
451.0,12
451.0,60
451.0,86
451.0,2
451.0,136
451.0,7
451.0,1
451.0,13
451.0,44
452.0,24
453.0,6
453.0,60
453.0,40
453.0,9
453.0,18
453.0,22
453.0,20
453.0,19
453.0,92
454.0,18
454.0,6
454.0,31
454.0,44
454.0,50
455.0,38
455.0,2
455.0,18
456.0,31
456.0,40
456.0,22
456.0,20
456.0,48
456.0,63
456.0,61
456.0,156
456.0,25
456.0,18
456.0,9
456.0,2
456.0,135
456.0,24
456.0,64
456.0,26
457.0,6
457.0,70
457.0,17
457.0,48
457.0,24
458.0,6
458.0,93
458.0,17
458.0,5
458.0,18
458.0,16
459.0,17
459.0,13
460.0,159
460.0,155
460.0,56
460.0,53
460.0,19
460.0,17
460.0,1
460.0,22
460.0,76
460.0,63
460.0,70
460.0,16
460.0,48
460.0,100
460.0,23
460.0,2
460.0,50
460.0,54
460.0,62
460.0,96
460.0,61
460.0,9
460.0,40
460.0,38
460.0,42
460.0,106
460.0,46
460.0,4
460.0,89
460.0,132
460.0,25
461.0,64
461.0,94
461.0,33
461.0,31
461.0,9
461.0,78
461.0,2
461.0,26
461.0,89
461.0,63
461.0,20
461.0,24
461.0,48
461.0,17
461.0,23
461.0,67
461.0,16
461.0,15
461.0,18
461.0,38
461.0,60
461.0,40
461.0,22
461.0,6
463.0,7
463.0,16
463.0,13
463.0,18
463.0,6
463.0,2
463.0,1
466.0,18
468.0,90
468.0,18
468.0,104
468.0,6
469.0,9
469.0,64
469.0,63
469.0,18
469.0,61
469.0,73
469.0,106
470.0,74
471.0,13
471.0,26
471.0,18
471.0,60
471.0,12
471.0,123
472.0,98
472.0,6
472.0,22
472.0,31
472.0,9
472.0,18
472.0,87
472.0,89
473.0,60
473.0,18
473.0,6
473.0,1
473.0,31
473.0,26
473.0,50
475.0,75
476.0,50
476.0,2
476.0,16
477.0,44
477.0,39
477.0,6
477.0,18
477.0,26
477.0,31
477.0,61
478.0,18
478.0,6
479.0,23
480.0,84
480.0,130
480.0,26
480.0,93
480.0,108
480.0,34
480.0,42
480.0,158
480.0,17
480.0,76
480.0,13
480.0,44
480.0,49
481.0,16
481.0,48
481.0,2
481.0,120
481.0,12
481.0,89
481.0,7
481.0,26
481.0,1
481.0,18
481.0,123
481.0,13
481.0,17
483.0,11
482.0,16
483.0,26
482.0,39
482.0,85
482.0,11
483.0,85
482.0,26
483.0,5
482.0,5
483.0,39
483.0,16
483.0,18
483.0,137
482.0,18
482.0,60
482.0,20
483.0,20
483.0,2
482.0,2
483.0,60
482.0,17
482.0,1
483.0,6
483.0,1
483.0,9
482.0,9
482.0,31
483.0,31
482.0,6
483.0,17
483.0,136
482.0,136
482.0,137
484.0,26
484.0,60
484.0,6
484.0,2
484.0,11
484.0,18
484.0,20
484.0,16
484.0,9
484.0,31
485.0,18
485.0,2
485.0,6
485.0,31
485.0,16
485.0,60
485.0,9
485.0,1
485.0,26
486.0,103
486.0,13
486.0,90
486.0,2
486.0,23
486.0,107
486.0,56
486.0,38
486.0,31
486.0,66
486.0,26
486.0,51
486.0,18
486.0,16
486.0,42
486.0,1
486.0,48
486.0,155
486.0,12
486.0,62
486.0,143
486.0,7
487.0,9
488.0,18
488.0,12
488.0,6
489.0,77
489.0,20
490.0,13
490.0,16
491.0,60
491.0,144
491.0,38
491.0,51
491.0,7
491.0,143
491.0,1
492.0,49
492.0,34
492.0,7
492.0,17
492.0,26
492.0,1
492.0,12
492.0,13
493.0,18
494.0,69
494.0,78
496.0,6
496.0,60
496.0,31
496.0,89
496.0,111
498.0,156
497.0,145
498.0,98
498.0,90
497.0,90
497.0,79
497.0,156
497.0,82
498.0,119
498.0,61
497.0,144
498.0,145
498.0,60
497.0,60
498.0,103
497.0,103
497.0,119
498.0,82
497.0,56
498.0,56
497.0,104
498.0,104
498.0,157
498.0,144
497.0,157
497.0,61
497.0,98
498.0,79
497.0,31
497.0,9
498.0,18
497.0,18
497.0,26
498.0,6
497.0,6
497.0,8
498.0,8
497.0,22
498.0,2
497.0,2
498.0,9
498.0,26
498.0,22
498.0,41
497.0,1
498.0,1
497.0,41
498.0,31
499.0,63
499.0,125
499.0,42
499.0,77
499.0,108
499.0,7
499.0,16
499.0,17
499.0,24
499.0,18
499.0,103
499.0,8
499.0,61
499.0,132
499.0,1
499.0,22
499.0,160
499.0,60
499.0,155
499.0,147
499.0,2
499.0,26
499.0,31
499.0,20
499.0,19
499.0,6
499.0,38
499.0,106
499.0,135
499.0,48
499.0,40
500.0,25
500.0,50
500.0,70
500.0,24
500.0,5
500.0,123
500.0,61
500.0,48
500.0,104
500.0,128
502.0,17
502.0,20
502.0,123
502.0,94
502.0,38
502.0,128
503.0,10
503.0,1
503.0,60
503.0,39
503.0,18
503.0,123
503.0,61
503.0,31
503.0,26
504.0,37
504.0,77
504.0,61
504.0,38
504.0,64
504.0,24
504.0,46
504.0,31
504.0,167
504.0,42
504.0,4
504.0,6
504.0,8
504.0,9
504.0,50
504.0,52
504.0,53
504.0,112
504.0,106
504.0,103
504.0,17
504.0,135
504.0,132
504.0,96
504.0,54
504.0,18
504.0,89
504.0,159
504.0,1
504.0,166
504.0,2
505.0,40
505.0,4
505.0,156
505.0,159
505.0,80
505.0,61
505.0,123
505.0,9
505.0,63
505.0,108
505.0,27
505.0,69
505.0,17
505.0,18
505.0,87
505.0,20
505.0,78
505.0,24
505.0,127
505.0,94
505.0,54
505.0,51
506.0,17
507.0,6
507.0,45
507.0,18
507.0,46
507.0,26
507.0,9
507.0,64
507.0,31
507.0,17
507.0,61
508.0,39
508.0,31
508.0,18
509.0,60
509.0,59
509.0,26
509.0,7
509.0,125
509.0,49
509.0,17
509.0,1
510.0,142
510.0,18
510.0,79
510.0,9
510.0,92
510.0,105
510.0,90
510.0,93
510.0,48
514.0,22
515.0,17
516.0,80
517.0,12
517.0,49
517.0,60
518.0,53
519.0,40
519.0,100
519.0,103
519.0,63
519.0,149
519.0,89
519.0,94
519.0,54
519.0,69
519.0,20
519.0,108
519.0,78
519.0,56
519.0,123
519.0,1
519.0,8
519.0,163
519.0,50
520.0,129
520.0,61
520.0,18
520.0,6
520.0,7
522.0,18
522.0,48
522.0,50
522.0,6
522.0,123
522.0,61
522.0,7
522.0,24
522.0,2
522.0,25
522.0,1
522.0,70
523.0,22
524.0,37
524.0,18
524.0,71
524.0,1
524.0,120
524.0,12
524.0,129
524.0,2
524.0,101
524.0,84
525.0,39
525.0,8
525.0,63
525.0,89
525.0,103
525.0,127
525.0,17
525.0,9
526.0,157
526.0,17
526.0,60
526.0,120
526.0,18
526.0,156
526.0,119
526.0,61
526.0,144
526.0,39
526.0,9
526.0,44
526.0,142
526.0,8
526.0,6
526.0,2
526.0,145
526.0,151
526.0,59
526.0,139
526.0,31
526.0,1
526.0,26
526.0,81
528.0,2
528.0,157
528.0,51
528.0,120
528.0,6
528.0,26
528.0,144
528.0,16
528.0,145
528.0,12
528.0,93
528.0,18
528.0,105
528.0,17
528.0,7
528.0,13
528.0,60
528.0,113
528.0,5
528.0,44
528.0,153
529.0,47
529.0,54
529.0,20
529.0,69
529.0,78
529.0,108
529.0,94
529.0,32
529.0,57
529.0,17
530.0,106
530.0,31
530.0,60
530.0,26
530.0,53
531.0,1
531.0,105
531.0,6
531.0,18
532.0,1
532.0,54
532.0,31
532.0,113
532.0,78
532.0,20
532.0,40
532.0,69
532.0,123
532.0,7
532.0,108
532.0,77
532.0,128
532.0,18
533.0,13
533.0,26
533.0,7
533.0,1
533.0,34
533.0,60
533.0,49
533.0,6
533.0,12
534.0,2
534.0,84
534.0,20
534.0,71
534.0,78
535.0,56
536.0,50
536.0,7
536.0,53
536.0,132
536.0,106
536.0,4
536.0,159
536.0,96
536.0,108
536.0,38
536.0,63
536.0,40
536.0,42
536.0,95
536.0,17
537.0,31
538.0,17
538.0,1
539.0,6
539.0,31
539.0,89
539.0,132
539.0,18
540.0,71
540.0,34
541.0,31
541.0,18
541.0,34
541.0,17
541.0,26
541.0,6
541.0,16
541.0,1
542.0,39
542.0,107
542.0,119
542.0,133
542.0,81
542.0,139
543.0,7
543.0,13
543.0,26
543.0,12
543.0,1
544.0,136
544.0,44
544.0,86
544.0,2
544.0,26
544.0,13
544.0,1
544.0,60
544.0,7
544.0,12
545.0,9
545.0,66
545.0,38
545.0,54
545.0,40
546.0,61
546.0,31
546.0,87
546.0,108
546.0,98
546.0,6
546.0,26
546.0,62
546.0,8
546.0,7
546.0,63
546.0,9
546.0,2
546.0,135
546.0,41
546.0,72
547.0,34
547.0,49
548.0,13
548.0,1
548.0,7
548.0,26
548.0,12
549.0,26
549.0,1
549.0,7
549.0,17
549.0,13
549.0,12
549.0,49
550.0,120
550.0,68
550.0,31
550.0,2
550.0,16
550.0,18
550.0,118
550.0,8
550.0,6
550.0,44
550.0,137
550.0,26
551.0,1
551.0,26
552.0,7
552.0,13
552.0,17
552.0,12
552.0,1
552.0,26
553.0,59
554.0,1
554.0,63
554.0,28
554.0,18
554.0,81
554.0,31
554.0,64
554.0,97
554.0,135
554.0,9
554.0,141
554.0,149
554.0,73
554.0,26
555.0,18
555.0,26
555.0,6
555.0,103
555.0,22
555.0,38
556.0,103
556.0,9
556.0,18
556.0,26
556.0,6
558.0,40
558.0,128
558.0,78
558.0,148
558.0,26
558.0,1
559.0,18
559.0,5
559.0,104
559.0,26
559.0,6
559.0,93
559.0,31
559.0,86
560.0,34
561.0,17
562.0,106
562.0,7
562.0,17
562.0,132
562.0,13
562.0,93
562.0,4
563.0,44
563.0,34
564.0,34
564.0,49
564.0,17
564.0,12
564.0,13
565.0,13
565.0,7
565.0,12
565.0,26
565.0,1
566.0,13
566.0,7
566.0,26
566.0,1
566.0,34
566.0,12
567.0,1
567.0,60
567.0,13
567.0,7
567.0,16
568.0,1
568.0,26
568.0,7
569.0,33
569.0,15
569.0,12
569.0,144
569.0,5
569.0,81
569.0,13
569.0,1
569.0,107
569.0,39
569.0,133
570.0,80
570.0,8
572.0,17
572.0,7
572.0,26
572.0,1
572.0,13
573.0,13
573.0,18
573.0,2
573.0,107
573.0,16
573.0,81
573.0,31
573.0,7
573.0,120
573.0,88
573.0,1
573.0,26
573.0,6
573.0,105
573.0,5
573.0,33
573.0,12
573.0,60
574.0,14
574.0,20
574.0,123
574.0,47
574.0,73
575.0,1
575.0,24
575.0,86
575.0,87
575.0,25
575.0,61
575.0,18
575.0,104
575.0,105
575.0,97
575.0,48
576.0,39
576.0,6
576.0,18
576.0,26
576.0,1
576.0,44
577.0,149
577.0,36
577.0,90
577.0,18
577.0,16
577.0,56
577.0,31
577.0,81
577.0,26
577.0,48
577.0,61
577.0,22
577.0,155
577.0,17
577.0,13
577.0,24
577.0,50
577.0,88
577.0,2
577.0,42
578.0,6
578.0,18
578.0,2
578.0,79
578.0,97
578.0,44
579.0,83
579.0,69
580.0,2
580.0,26
580.0,143
580.0,144
580.0,10
580.0,44
580.0,105
580.0,39
580.0,6
580.0,18
580.0,60
580.0,1
580.0,15
580.0,33
580.0,31
581.0,60
581.0,31
581.0,33
581.0,158
581.0,2
581.0,26
581.0,1
581.0,6
581.0,18
581.0,143
581.0,15
582.0,159
582.0,100
582.0,95
582.0,38
582.0,62
582.0,16
582.0,42
582.0,40
582.0,9
582.0,108
582.0,4
582.0,22
582.0,1
582.0,54
583.0,22
583.0,63
583.0,18
583.0,34
583.0,31
584.0,34
584.0,18
584.0,1
584.0,31
584.0,143
584.0,6
584.0,60
584.0,93
584.0,10
585.0,8
585.0,1
585.0,18
585.0,103
585.0,6
586.0,119
586.0,40
586.0,39
586.0,61
586.0,98
586.0,157
586.0,60
586.0,2
586.0,50
586.0,20
586.0,9
586.0,1
586.0,145
586.0,149
586.0,81
586.0,31
586.0,17
586.0,89
586.0,22
586.0,18
586.0,26
586.0,63
587.0,69
587.0,54
587.0,32
587.0,105
587.0,50
587.0,20
588.0,36
588.0,1
588.0,7
588.0,9
588.0,31
588.0,17
589.0,53
589.0,113
589.0,13
589.0,51
589.0,123
589.0,87
589.0,100
589.0,7
589.0,17
590.0,6
590.0,60
590.0,7
590.0,26
590.0,1
590.0,120
591.0,6
591.0,2
591.0,22
591.0,18
591.0,1
591.0,31
592.0,2
592.0,17
592.0,16
592.0,18
592.0,6
592.0,61
592.0,44
592.0,26
593.0,18
593.0,6
593.0,5
593.0,104
594.0,93
594.0,22
594.0,12
594.0,13
595.0,9
595.0,22
595.0,100
595.0,131
595.0,40
595.0,69
595.0,28
595.0,66
597.0,60
597.0,6
597.0,1
597.0,18
597.0,38
597.0,16
597.0,2
597.0,39
597.0,26
597.0,46
597.0,13
597.0,31
598.0,105
598.0,6
598.0,10
598.0,33
598.0,2
598.0,26
598.0,143
598.0,18
598.0,158
598.0,7
598.0,15
598.0,12
598.0,71
598.0,60
598.0,44
598.0,1
598.0,31
599.0,49
600.0,49
601.0,31
601.0,103
601.0,12
601.0,38
601.0,50
601.0,115
601.0,106
601.0,53
601.0,4
601.0,61
601.0,87
601.0,1
601.0,96
601.0,6
601.0,8
601.0,18
601.0,89
601.0,22
601.0,9
601.0,26
601.0,126
602.0,33
602.0,1
602.0,31
602.0,39
602.0,18
602.0,9
602.0,48
603.0,1
603.0,12
603.0,21
603.0,3
603.0,60
603.0,26
603.0,77
603.0,9
603.0,22
603.0,2
603.0,18
603.0,31
603.0,63
603.0,62
603.0,41
604.0,62
604.0,1
604.0,154
604.0,18
604.0,9
604.0,31
604.0,6
604.0,12
604.0,63
604.0,22
605.0,117
605.0,81
605.0,144
605.0,46
605.0,7
605.0,44
605.0,20
605.0,11
605.0,6
605.0,60
605.0,18
605.0,31
605.0,5
605.0,136
606.0,18
606.0,84
606.0,11
606.0,26
607.0,131
607.0,9
607.0,81
607.0,130
608.0,26
608.0,72
608.0,18
608.0,2
608.0,44
610.0,33
610.0,26
610.0,9
610.0,15
610.0,77
610.0,18
610.0,39
610.0,48
610.0,2
611.0,18
611.0,6
612.0,79
612.0,6
612.0,8
612.0,26
612.0,120
612.0,5
612.0,61
612.0,18
612.0,64
612.0,149
613.0,9
613.0,1
613.0,60
613.0,28
613.0,18
613.0,6
613.0,31
613.0,26
614.0,9
614.0,22
614.0,26
614.0,13
614.0,135
614.0,17
614.0,63
614.0,61
614.0,127
614.0,53
614.0,90
614.0,18
614.0,1
615.0,9
615.0,66
615.0,38
615.0,48
615.0,149
615.0,161
615.0,20
615.0,6
615.0,26
615.0,13
615.0,42
615.0,50
615.0,18
615.0,93
615.0,61
615.0,7
615.0,1
615.0,31
616.0,31
616.0,136
616.0,151
616.0,2
616.0,56
616.0,63
616.0,90
616.0,96
616.0,22
616.0,8
616.0,26
616.0,1
616.0,32
616.0,23
616.0,135
616.0,17
616.0,62
616.0,132
616.0,18
616.0,4
616.0,35
616.0,159
616.0,117
616.0,106
616.0,12
616.0,42
616.0,84
616.0,100
616.0,7
616.0,16
616.0,25
616.0,20
616.0,125
616.0,69
616.0,85
616.0,61
616.0,24
616.0,77
616.0,9
616.0,50
616.0,36
616.0,37
616.0,54
616.0,98
616.0,38
616.0,108
616.0,70
616.0,76
616.0,53
617.0,63
617.0,8
617.0,21
617.0,40
619.0,7
618.0,60
618.0,13
618.0,26
619.0,13
618.0,7
618.0,12
619.0,26
619.0,60
619.0,12
621.0,143
621.0,31
621.0,2
621.0,60
621.0,105
621.0,26
621.0,29
621.0,17
621.0,44
621.0,81
621.0,1
621.0,18
621.0,10
621.0,158
621.0,7
622.0,33
622.0,10
622.0,7
622.0,143
622.0,12
622.0,2
622.0,71
622.0,60
622.0,6
622.0,18
622.0,1
622.0,44
622.0,158
622.0,15
622.0,26
622.0,31
623.0,12
624.0,44
623.0,44
625.0,12
624.0,120
625.0,7
623.0,7
623.0,120
624.0,7
625.0,31
624.0,12
625.0,33
625.0,158
623.0,33
625.0,15
623.0,15
623.0,1
624.0,158
623.0,158
625.0,60
624.0,60
625.0,144
623.0,60
623.0,105
624.0,105
625.0,105
625.0,120
625.0,44
625.0,39
624.0,39
623.0,39
624.0,1
625.0,1
624.0,33
624.0,15
623.0,31
623.0,144
623.0,26
624.0,26
625.0,26
624.0,144
623.0,2
624.0,2
625.0,2
623.0,143
623.0,18
624.0,18
623.0,6
624.0,6
625.0,6
625.0,10
624.0,10
623.0,10
624.0,31
624.0,143
625.0,143
625.0,18
623.0,71
625.0,71
624.0,71
626.0,143
626.0,81
626.0,60
626.0,31
626.0,120
626.0,22
626.0,18
626.0,101
626.0,1
626.0,26
626.0,6
626.0,9
628.0,18
628.0,20
628.0,9
628.0,26
628.0,22
628.0,31
628.0,60
628.0,143
628.0,1
629.0,20
629.0,84
629.0,22
629.0,69
629.0,80
629.0,18
629.0,1
629.0,143
629.0,31
629.0,77
629.0,9
630.0,16
630.0,7
630.0,26
630.0,69
630.0,125
630.0,81
630.0,17
630.0,18
630.0,20
631.0,90
631.0,105
631.0,143
631.0,26
631.0,86
631.0,2
633.0,16
633.0,1
633.0,6
633.0,17
633.0,13
633.0,49
633.0,12
633.0,26
634.0,120
634.0,26
634.0,61
634.0,16
634.0,115
634.0,22
634.0,9
634.0,41
634.0,6
634.0,63
634.0,8
634.0,31
634.0,64
634.0,18
635.0,22
635.0,6
635.0,18
635.0,8
635.0,9
635.0,125
635.0,61
636.0,103
636.0,90
636.0,22
636.0,1
636.0,18
636.0,62
636.0,63
636.0,26
636.0,31
636.0,98
636.0,96
636.0,61
636.0,8
636.0,6
637.0,22
637.0,9
637.0,1
637.0,103
637.0,2
637.0,17
637.0,6
637.0,35
637.0,100
637.0,12
637.0,39
637.0,128
637.0,63
637.0,8
638.0,34
638.0,18
638.0,93
638.0,9
638.0,6
638.0,104
638.0,118
639.0,31
639.0,2
640.0,1
640.0,61
640.0,26
640.0,17
640.0,16
640.0,2
640.0,7
640.0,18
640.0,60
640.0,13
640.0,120
640.0,39
640.0,31
640.0,50
641.0,155
641.0,104
641.0,5
641.0,66
641.0,9
641.0,17
641.0,39
641.0,123
642.0,6
642.0,34
643.0,2
643.0,79
643.0,104
643.0,18
643.0,26
643.0,90
643.0,71
643.0,137
643.0,22
643.0,56
643.0,98
643.0,9
644.0,22
644.0,2
644.0,151
644.0,9
644.0,8
644.0,31
644.0,142
644.0,61
644.0,119
644.0,156
644.0,18
644.0,44
644.0,81
644.0,63
644.0,6
645.0,84
645.0,6
645.0,31
645.0,61
645.0,134
645.0,151
645.0,145
645.0,156
645.0,39
645.0,16
645.0,93
645.0,142
645.0,119
645.0,8
645.0,9
645.0,2
645.0,139
645.0,81
645.0,17
645.0,44
645.0,107
645.0,26
645.0,18
646.0,31
646.0,44
646.0,59
646.0,119
646.0,120
646.0,81
646.0,84
646.0,144
646.0,156
646.0,157
646.0,8
646.0,39
646.0,145
646.0,142
646.0,6
646.0,5
646.0,151
646.0,26
646.0,2
646.0,60
646.0,18
646.0,9
646.0,139
646.0,17
646.0,104
646.0,1
646.0,61
647.0,107
647.0,6
647.0,119
647.0,12
647.0,8
647.0,9
647.0,84
647.0,26
647.0,17
647.0,139
647.0,18
647.0,39
647.0,142
647.0,5
647.0,61
647.0,88
647.0,59
647.0,79
647.0,60
647.0,31
647.0,151
647.0,2
647.0,104
647.0,41
647.0,81
647.0,44
647.0,156
647.0,1
647.0,16
648.0,64
648.0,18
648.0,149
648.0,16
648.0,9
648.0,129
648.0,50
648.0,23
648.0,24
648.0,7
648.0,108
648.0,17
648.0,86
648.0,51
649.0,24
649.0,87
649.0,9
649.0,48
649.0,33
649.0,85
649.0,17
649.0,6
649.0,18
649.0,16
650.0,19
650.0,81
650.0,59
650.0,77
650.0,68
650.0,138
650.0,140
650.0,40
651.0,80
652.0,16
652.0,48
652.0,24
652.0,144
652.0,17
652.0,13
652.0,145
652.0,51
652.0,157
652.0,26
652.0,140
652.0,133
652.0,73
652.0,7
652.0,39
652.0,18
652.0,104
652.0,119
652.0,81
652.0,97
652.0,107
652.0,31
652.0,105
652.0,79
652.0,2
652.0,12
652.0,61
652.0,5
652.0,60
652.0,6
652.0,1
652.0,59
653.0,144
653.0,13
653.0,6
653.0,59
653.0,81
653.0,104
653.0,7
653.0,73
653.0,5
653.0,145
653.0,18
653.0,61
653.0,26
653.0,157
653.0,119
653.0,16
654.0,6
654.0,59
654.0,61
654.0,2
654.0,81
654.0,5
654.0,104
654.0,7
654.0,16
654.0,119
654.0,13
654.0,73
654.0,144
654.0,26
654.0,145
654.0,157
654.0,18
655.0,1
655.0,81
655.0,73
655.0,144
655.0,119
655.0,157
655.0,145
655.0,61
655.0,31
655.0,39
655.0,48
655.0,7
655.0,26
655.0,22
655.0,41
655.0,60
655.0,79
655.0,51
655.0,139
655.0,18
655.0,13
655.0,59
655.0,17
655.0,107
655.0,2
655.0,97
655.0,6
655.0,12
655.0,5
655.0,104
655.0,16
655.0,105
655.0,133
656.0,60
656.0,74
656.0,12
656.0,26
656.0,7
656.0,1
656.0,13
656.0,93
656.0,31
656.0,34
657.0,19
657.0,63
657.0,56
657.0,141
657.0,9
658.0,5
658.0,26
658.0,17
658.0,38
658.0,123
658.0,147
658.0,61
658.0,1
658.0,118
658.0,18
658.0,89
658.0,63
658.0,31
658.0,16
658.0,132
658.0,103
658.0,50
658.0,20
658.0,120
658.0,9
658.0,6
658.0,42
658.0,22
658.0,41
658.0,39
658.0,2
658.0,104
658.0,159
658.0,125
658.0,151
658.0,60
659.0,34
660.0,13
661.0,16
661.0,5
661.0,26
661.0,6
661.0,86
661.0,79
661.0,18
661.0,61
661.0,104
662.0,155
662.0,42
662.0,52
662.0,16
662.0,34
662.0,120
662.0,9
662.0,31
662.0,60
662.0,38
662.0,6
662.0,1
662.0,61
662.0,160
662.0,2
662.0,18
662.0,39
662.0,26
663.0,31
663.0,18
663.0,60
663.0,61
663.0,120
663.0,50
663.0,26
663.0,6
664.0,26
664.0,6
664.0,18
664.0,31
666.0,105
666.0,8
666.0,22
666.0,9
667.0,16
667.0,120
667.0,18
667.0,2
667.0,26
667.0,31
667.0,6
668.0,26
668.0,18
668.0,1
668.0,31
668.0,60
669.0,86
669.0,60
669.0,18
669.0,26
669.0,15
669.0,2
669.0,107
669.0,6
669.0,136
669.0,105
669.0,33
669.0,31
669.0,88
669.0,11
669.0,1
669.0,5
670.0,44
670.0,39
670.0,18
670.0,1
670.0,26
670.0,31
671.0,17
672.0,31
672.0,18
672.0,9
673.0,142
673.0,33
673.0,6
673.0,78
673.0,2
673.0,26
673.0,71
673.0,69
673.0,18
673.0,101
673.0,60
673.0,44
673.0,143
673.0,15
673.0,83
673.0,1
673.0,145
674.0,6
674.0,143
675.0,143
675.0,161
674.0,1
675.0,51
674.0,2
675.0,2
674.0,51
675.0,158
674.0,158
675.0,1
674.0,161
675.0,6
675.0,44
674.0,34
674.0,31
674.0,10
675.0,10
674.0,48
675.0,31
675.0,105
674.0,105
675.0,34
675.0,60
674.0,60
674.0,18
675.0,26
675.0,18
675.0,48
674.0,44
674.0,24
675.0,24
674.0,86
674.0,26
675.0,71
674.0,7
675.0,7
674.0,71
675.0,86
676.0,5
676.0,19
677.0,9
678.0,18
678.0,108
678.0,56
678.0,9
678.0,90
678.0,6
678.0,46
678.0,40
678.0,38
678.0,26
678.0,78
678.0,97
678.0,2
678.0,60
679.0,9
679.0,23
680.0,1
680.0,31
680.0,11
680.0,136
680.0,26
680.0,18
680.0,6
680.0,5
680.0,60
682.0,18
682.0,6
682.0,61
682.0,26
682.0,31
682.0,9
682.0,60
682.0,39
683.0,31
683.0,119
683.0,63
683.0,39
683.0,1
683.0,7
683.0,41
683.0,59
683.0,137
683.0,68
683.0,26
683.0,22
683.0,6
683.0,81
683.0,18
683.0,96
683.0,21
683.0,156
683.0,78
683.0,8
683.0,50
683.0,157
683.0,144
683.0,9
683.0,73
684.0,26
684.0,42
684.0,6
684.0,16
684.0,18
684.0,61
686.0,18
686.0,34
686.0,114
686.0,1
686.0,60
687.0,18
687.0,26
687.0,120
687.0,6
688.0,38
689.0,26
689.0,44
689.0,22
689.0,98
689.0,48
689.0,81
689.0,17
689.0,2
689.0,100
689.0,16
689.0,1
689.0,90
689.0,91
689.0,153
689.0,9
689.0,31
689.0,56
689.0,63
689.0,61
689.0,18
689.0,50
689.0,12
689.0,60
690.0,143
690.0,18
690.0,6
690.0,26
690.0,31
690.0,158
690.0,34
690.0,161
690.0,48
690.0,2
690.0,10
690.0,44
690.0,60
690.0,105
691.0,143
691.0,6
691.0,48
691.0,51
691.0,33
691.0,31
691.0,18
691.0,1
691.0,60
692.0,26
692.0,1
692.0,6
692.0,105
692.0,51
692.0,2
692.0,10
692.0,33
692.0,161
692.0,143
692.0,60
692.0,18
692.0,31
693.0,143
693.0,18
693.0,4
693.0,86
693.0,120
693.0,2
693.0,38
693.0,6
693.0,34
693.0,50
693.0,31
693.0,128
693.0,10
693.0,158
693.0,12
693.0,60
693.0,105
693.0,7
693.0,44
693.0,161
693.0,97
693.0,1
693.0,16
693.0,123
693.0,13
693.0,26
694.0,69
695.0,75
695.0,67
695.0,22
695.0,38
695.0,4
695.0,46
697.0,6
697.0,41
697.0,117
696.0,41
697.0,52
696.0,6
696.0,9
696.0,63
697.0,63
696.0,90
697.0,90
697.0,96
696.0,96
696.0,52
696.0,117
697.0,9
698.0,48
698.0,20
698.0,131
698.0,18
698.0,6
699.0,7
699.0,100
699.0,17
699.0,63
699.0,62
699.0,135
700.0,6
700.0,60
700.0,17
700.0,9
700.0,8
700.0,22
700.0,12
700.0,26
700.0,53
700.0,31
700.0,81
700.0,41
700.0,25
700.0,61
700.0,73
700.0,20
700.0,7
700.0,87
700.0,86
700.0,18
702.0,9
702.0,63
702.0,81
702.0,33
702.0,143
702.0,10
702.0,31
702.0,107
702.0,48
702.0,15
702.0,2
702.0,18
702.0,7
702.0,26
702.0,1
702.0,105
702.0,88
704.0,12
704.0,18
704.0,33
704.0,96
704.0,9
704.0,100
704.0,1
704.0,31
705.0,105
705.0,18
705.0,86
705.0,6
706.0,93
706.0,18
706.0,41
706.0,119
706.0,12
706.0,6
706.0,135
706.0,157
706.0,118
706.0,11
706.0,144
706.0,34
706.0,22
706.0,127
706.0,53
706.0,8
706.0,9
706.0,31
708.0,6
708.0,9
708.0,26
708.0,22
708.0,18
708.0,60
708.0,1
708.0,103
708.0,31
709.0,38
709.0,9
710.0,119
710.0,1
710.0,6
710.0,104
710.0,31
710.0,60
710.0,26
710.0,18
710.0,81
710.0,144
710.0,5
711.0,1
711.0,24
711.0,17
711.0,9
711.0,7
711.0,33
711.0,22
711.0,34
711.0,18
712.0,38
712.0,123
712.0,50
712.0,135
712.0,108
712.0,66
712.0,24
712.0,53
712.0,63
712.0,20
712.0,9
712.0,17
712.0,125
712.0,61
712.0,81
712.0,103
712.0,69
712.0,4
713.0,38
713.0,31
713.0,34
713.0,22
713.0,18
713.0,2
713.0,1
714.0,13
714.0,26
714.0,1
714.0,7
714.0,60
716.0,22
716.0,8
716.0,24
716.0,9
716.0,18
716.0,156
716.0,61
716.0,103
717.0,16
717.0,12
717.0,22
717.0,18
717.0,49
719.0,18
719.0,157
719.0,39
719.0,31
719.0,48
719.0,15
719.0,105
719.0,60
720.0,81
720.0,120
720.0,44
720.0,119
720.0,2
720.0,16
720.0,5
720.0,26
720.0,97
720.0,60
720.0,1
720.0,7
720.0,39
720.0,105
720.0,33
720.0,144
720.0,66
720.0,107
720.0,88
720.0,6
720.0,18
721.0,31
721.0,35
721.0,61
721.0,18
721.0,6
721.0,17
721.0,1
721.0,9
721.0,16
722.0,31
722.0,22
722.0,26
722.0,24
722.0,9
722.0,16
722.0,64
722.0,60
722.0,18
722.0,61
722.0,6
723.0,157
723.0,81
723.0,79
723.0,46
723.0,34
723.0,17
723.0,39
723.0,145
723.0,12
723.0,13
723.0,6
723.0,134
723.0,139
723.0,16
723.0,2
723.0,119
723.0,120
723.0,144
723.0,60
723.0,26
723.0,18
723.0,31
723.0,20
723.0,63
723.0,33
723.0,107
723.0,84
723.0,59
723.0,156
723.0,9
726.0,1
726.0,88
726.0,60
726.0,12
726.0,7
726.0,18
726.0,6
726.0,2
726.0,81
726.0,16
726.0,120
726.0,107
726.0,119
726.0,26
726.0,144
726.0,105
726.0,44
727.0,108
727.0,20
727.0,40
727.0,69
727.0,38
727.0,53
727.0,27
727.0,54
727.0,87
727.0,9
727.0,78
729.0,33
729.0,24
730.0,9
730.0,24
730.0,22
731.0,50
731.0,5
731.0,19
731.0,16
731.0,18
731.0,6
732.0,148
732.0,113
732.0,26
732.0,17
732.0,40
732.0,1
732.0,31
732.0,44
732.0,66
732.0,16
732.0,10
732.0,63
732.0,20
732.0,77
732.0,7
732.0,60
732.0,12
732.0,22
732.0,13
733.0,150
733.0,42
733.0,19
733.0,95
733.0,56
733.0,20
733.0,155
733.0,117
734.0,87
734.0,106
734.0,132
734.0,31
